{
  "ticker": "GOOG",
  "dimensions": {
    "sector_energy": 0.6666666666666666,
    "forward_growth_expectations": 0.6666666666666666,
    "tariff_sensitivity": 0.5,
    "sector_industrials": 0.6666666666666666,
    "energy_cost_intensity": 0.6666666666666666,
    "retail_sentiment_exposure": 0.5,
    "sector_healthcare": 0.6666666666666666,
    "options_implied_volatility": 0.5,
    "china_revenue_exposure": 0.5,
    "domestic_revenue_concentration": 0.6666666666666666,
    "sector_utilities": 0.6666666666666666,
    "inflation_sensitivity": 0.6666666666666666,
    "institutional_ownership_change": 0.6666666666666666,
    "debt_maturity_nearterm": 0.5,
    "emerging_market_exposure": 0.6666666666666666,
    "financial_health": 1.0,
    "eps_growth_rate": 0.6666666666666666,
    "revenue_cyclical": 0.6666666666666666,
    "pricing_power": 1.0,
    "dollar_sensitivity": 0.6666666666666666,
    "eps_acceleration": 0.6666666666666666,
    "floating_rate_debt_ratio": 0.5,
    "sector_realestate": 0.6666666666666666,
    "earnings_revision_trend": 0.6666666666666666,
    "valuation_multiple": 0.6666666666666666,
    "factor_value": 0.6666666666666666,
    "sector_consumer": 0.5,
    "revenue_recurring": 0.6666666666666666,
    "capex_intensity": 0.6666666666666666,
    "credit_spread_sensitivity": 0.6666666666666666,
    "sector_financials": 0.6666666666666666,
    "buyback_capacity": 0.3333333333333333,
    "short_interest_ratio": 0.5,
    "institutional_appeal": 0.6666666666666666,
    "interest_rate_sensitivity": 0.6666666666666666,
    "revenue_growth_rate": 0.6666666666666666,
    "revenue_transactional": 0.6666666666666666,
    "price_momentum": 1.0,
    "commodity_input_exposure": 0.6666666666666666,
    "earnings_quality": 0.6666666666666666,
    "crowded_long_risk": 0.6666666666666666,
    "debt_burden": 0.3333333333333333,
    "sector_technology": 0.6666666666666666
  },
  "raw": {
    "interest_rate_sensitivity": 28.692653400923053,
    "dollar_sensitivity": 0.3,
    "inflation_sensitivity": 0.4018227154597176,
    "credit_spread_sensitivity": 0.22964292461741923,
    "commodity_input_exposure": 0.2,
    "energy_cost_intensity": 0.2,
    "sector_financials": 0.0,
    "sector_technology": 0.0,
    "sector_healthcare": 0.0,
    "sector_energy": 0.0,
    "sector_realestate": 0.0,
    "sector_consumer": 0.0,
    "sector_industrials": 0.0,
    "sector_utilities": 0.0,
    "revenue_recurring": 0.2,
    "revenue_transactional": 0.2,
    "revenue_cyclical": 0.2,
    "pricing_power": 0.9986556990257514,
    "capex_intensity": 0.2445300976329283,
    "debt_burden": 1.7134056419770705,
    "floating_rate_debt_ratio": 0.0,
    "debt_maturity_nearterm": 0.0,
    "financial_health": 0.7005333592875566,
    "earnings_quality": 0.7125526048469017,
    "buyback_capacity": 0.008620799373605747,
    "revenue_growth_rate": 0.1128524808004221,
    "eps_growth_rate": -0.013840830449827002,
    "eps_acceleration": -0.254184178089312,
    "forward_growth_expectations": 6.7303263157894735,
    "earnings_revision_trend": 6.7303263157894735,
    "valuation_multiple": 21.302469410208822,
    "factor_value": 0.04694291449238125,
    "short_interest_ratio": null,
    "crowded_long_risk": 0.0,
    "price_momentum": 0.8409538769098958,
    "china_revenue_exposure": 0.05,
    "emerging_market_exposure": 0.1,
    "domestic_revenue_concentration": 0.7,
    "tariff_sensitivity": 0.15,
    "institutional_appeal": 0.0,
    "institutional_ownership_change": -1.2960324691460284e-06,
    "retail_sentiment_exposure": null,
    "options_implied_volatility": null
  },
  "metadata": {
    "name": "Alphabet Inc.",
    "sector": "Communication Services",
    "industry": "Internet Content & Information",
    "market_cap": 3562082664168.9995
  },
  "fetched_at": "2026-04-05T20:24:22.693756"
}