{
  "ticker": "META",
  "dimensions": {
    "sector_energy": 0.6666666666666666,
    "forward_growth_expectations": 0.3333333333333333,
    "tariff_sensitivity": 0.5,
    "sector_industrials": 0.6666666666666666,
    "energy_cost_intensity": 0.6666666666666666,
    "retail_sentiment_exposure": 0.5,
    "sector_healthcare": 0.6666666666666666,
    "options_implied_volatility": 0.5,
    "china_revenue_exposure": 0.5,
    "domestic_revenue_concentration": 0.6666666666666666,
    "sector_utilities": 0.6666666666666666,
    "inflation_sensitivity": 0.3333333333333333,
    "institutional_ownership_change": 0.3333333333333333,
    "debt_maturity_nearterm": 0.5,
    "emerging_market_exposure": 0.6666666666666666,
    "financial_health": 0.3333333333333333,
    "eps_growth_rate": 1.0,
    "revenue_cyclical": 0.6666666666666666,
    "pricing_power": 0.6666666666666666,
    "dollar_sensitivity": 0.6666666666666666,
    "eps_acceleration": 1.0,
    "floating_rate_debt_ratio": 0.5,
    "sector_realestate": 0.6666666666666666,
    "earnings_revision_trend": 0.3333333333333333,
    "valuation_multiple": 0.3333333333333333,
    "factor_value": 1.0,
    "sector_consumer": 0.5,
    "revenue_recurring": 0.6666666666666666,
    "capex_intensity": 1.0,
    "credit_spread_sensitivity": 1.0,
    "sector_financials": 0.6666666666666666,
    "buyback_capacity": 1.0,
    "short_interest_ratio": 0.5,
    "institutional_appeal": 0.6666666666666666,
    "interest_rate_sensitivity": 0.3333333333333333,
    "revenue_growth_rate": 1.0,
    "revenue_transactional": 0.6666666666666666,
    "price_momentum": 0.3333333333333333,
    "commodity_input_exposure": 0.6666666666666666,
    "earnings_quality": 0.3333333333333333,
    "crowded_long_risk": 0.6666666666666666,
    "debt_burden": 1.0,
    "sector_technology": 0.6666666666666666
  },
  "raw": {
    "interest_rate_sensitivity": 27.524676469615272,
    "dollar_sensitivity": 0.3,
    "inflation_sensitivity": 0.18208835609576923,
    "credit_spread_sensitivity": 0.4593488158549183,
    "commodity_input_exposure": 0.2,
    "energy_cost_intensity": 0.2,
    "sector_financials": 0.0,
    "sector_technology": 0.0,
    "sector_healthcare": 0.0,
    "sector_energy": 0.0,
    "sector_realestate": 0.0,
    "sector_consumer": 0.0,
    "sector_industrials": 0.0,
    "sector_utilities": 0.0,
    "revenue_recurring": 0.2,
    "revenue_transactional": 0.2,
    "revenue_cyclical": 0.2,
    "pricing_power": 0.9984519922208539,
    "capex_intensity": 0.35701405816943266,
    "debt_burden": 2.782099747977185,
    "floating_rate_debt_ratio": 0.0,
    "debt_maturity_nearterm": 0.0,
    "financial_health": 0.25987666124868536,
    "earnings_quality": 0.6513966971187631,
    "buyback_capacity": 0.024770585335514475,
    "revenue_growth_rate": 0.16884586862339487,
    "eps_growth_rate": 7.36111111111111,
    "eps_acceleration": 8.212759462759461,
    "forward_growth_expectations": 5.2759058693244745,
    "earnings_revision_trend": 5.2759058693244745,
    "valuation_multiple": 16.376314133221104,
    "factor_value": 0.06106380177279288,
    "short_interest_ratio": null,
    "crowded_long_risk": 0.0,
    "price_momentum": 0.7214568288854004,
    "china_revenue_exposure": 0.05,
    "emerging_market_exposure": 0.1,
    "domestic_revenue_concentration": 0.7,
    "tariff_sensitivity": 0.15,
    "institutional_appeal": 0.0,
    "institutional_ownership_change": -5.236017453391511e-06,
    "retail_sentiment_exposure": null,
    "options_implied_volatility": null
  },
  "metadata": {
    "name": "Meta Platforms, Inc.",
    "sector": "Communication Services",
    "industry": "Internet Content & Information",
    "market_cap": 1448209620972
  },
  "fetched_at": "2026-04-05T20:24:22.554920"
}