{
  "ticker": "TSLA",
  "dimensions": {
    "sector_energy": 0.6666666666666666,
    "forward_growth_expectations": 1.0,
    "tariff_sensitivity": 1.0,
    "sector_industrials": 0.6666666666666666,
    "energy_cost_intensity": 0.6666666666666666,
    "retail_sentiment_exposure": 0.5,
    "sector_healthcare": 0.6666666666666666,
    "options_implied_volatility": 0.5,
    "china_revenue_exposure": 1.0,
    "domestic_revenue_concentration": 0.6666666666666666,
    "sector_utilities": 0.6666666666666666,
    "inflation_sensitivity": 1.0,
    "institutional_ownership_change": 1.0,
    "debt_maturity_nearterm": 1.0,
    "emerging_market_exposure": 0.6666666666666666,
    "financial_health": 0.6666666666666666,
    "eps_growth_rate": 0.3333333333333333,
    "revenue_cyclical": 0.6666666666666666,
    "pricing_power": 0.3333333333333333,
    "dollar_sensitivity": 0.6666666666666666,
    "eps_acceleration": 0.3333333333333333,
    "floating_rate_debt_ratio": 1.0,
    "sector_realestate": 0.6666666666666666,
    "earnings_revision_trend": 1.0,
    "valuation_multiple": 1.0,
    "factor_value": 0.3333333333333333,
    "sector_consumer": 1.0,
    "revenue_recurring": 0.6666666666666666,
    "capex_intensity": 0.3333333333333333,
    "credit_spread_sensitivity": 0.3333333333333333,
    "sector_financials": 0.6666666666666666,
    "buyback_capacity": 0.6666666666666666,
    "short_interest_ratio": 0.5,
    "institutional_appeal": 0.6666666666666666,
    "interest_rate_sensitivity": 1.0,
    "revenue_growth_rate": 0.3333333333333333,
    "revenue_transactional": 0.6666666666666666,
    "price_momentum": 0.6666666666666666,
    "commodity_input_exposure": 0.6666666666666666,
    "earnings_quality": 1.0,
    "crowded_long_risk": 0.6666666666666666,
    "debt_burden": 0.6666666666666666,
    "sector_technology": 0.6666666666666666
  },
  "raw": {
    "interest_rate_sensitivity": 382.2738534528203,
    "dollar_sensitivity": 0.3,
    "inflation_sensitivity": 0.7988434199429741,
    "credit_spread_sensitivity": -0.6916865011900714,
    "commodity_input_exposure": 0.2,
    "energy_cost_intensity": 0.2,
    "sector_financials": 0.0,
    "sector_technology": 0.0,
    "sector_healthcare": 0.0,
    "sector_energy": 0.0,
    "sector_realestate": 0.0,
    "sector_consumer": 1.0,
    "sector_industrials": 0.0,
    "sector_utilities": 0.0,
    "revenue_recurring": 0.2,
    "revenue_transactional": 0.2,
    "revenue_cyclical": 0.2,
    "pricing_power": 0.9837818964844035,
    "capex_intensity": 0.09610055821051364,
    "debt_burden": 2.7444298820445607,
    "floating_rate_debt_ratio": 0.19579751671442217,
    "debt_maturity_nearterm": 0.19579751671442217,
    "financial_health": 0.5385560732702374,
    "earnings_quality": 1.6904761904761905,
    "buyback_capacity": 0.010991882325127716,
    "revenue_growth_rate": -0.11368570920092542,
    "eps_growth_rate": -0.3953488372093023,
    "eps_acceleration": -0.577967099035485,
    "forward_growth_expectations": 42.769230769230774,
    "earnings_revision_trend": 42.769230769230774,
    "valuation_multiple": 122.59520571234275,
    "factor_value": 0.008156925829109492,
    "short_interest_ratio": null,
    "crowded_long_risk": 0.0,
    "price_momentum": 0.7228715193552914,
    "china_revenue_exposure": 0.5,
    "emerging_market_exposure": 0.1,
    "domestic_revenue_concentration": 0.7,
    "tariff_sensitivity": 0.44999999999999996,
    "institutional_appeal": 0.0,
    "institutional_ownership_change": -1.4546580006190035e-07,
    "retail_sentiment_exposure": null,
    "options_implied_volatility": null
  },
  "metadata": {
    "name": "Tesla, Inc.",
    "sector": "Consumer Cyclical",
    "industry": "Auto - Manufacturers",
    "market_cap": 1353089449111
  },
  "fetched_at": "2026-04-05T20:24:22.402871"
}